participant_id,final_review
008222,"i ate at chipotle the other day with some friends and it was amazing.  i enjoyed the beef platter. the meat was juicy and the rice, beans were also very tasty and filling "
057652,"as a recent customer of chipotle, i was unimpressed by the time i got there. my purchase,  which was a burrito with chicken,  was just okay. the chicken had an excellent char and flavor, and the cilantro lime rice was pleasantly refreshing. . . however,  the food was overall too dry. the flavors are bold,  but the burrito could have benefited from a generous amount of queso,  similar to entrees from qdoba. while the service was really friendly and attentive, i will not be returning to this place. "
097745,"i love this place. the food is good. it's a little expensive, but the food is so much more than that. and i love the people that work there. the burritos are huge and packed with flavor. i got one with chicken and beef and extra quac.  it tasted fresh and i couldn't even finish it all as it was huge! i love the location and the atmosphere was great. i will definitely come back to try something different! "
100957,after a long day of class. i wanted a bite to eat. i stopped bychipotle to see what they had. i decided on half chickenand half steak. after they scooped out the big spoon of chicken i told them i wanted another scoop.  you have to make sure you dont get scammed.  the woman was great and gave me great portions. i decided to eat there and enjoyed the busy atmosphere. 
106330,i am writing about my. experience at chipotle. the burritos were great.  iloved the fact that i could. customize what i wanted in y burrito.  all the ingredients were fresh and the service was great as well. overall it was a nice experience and i would definitely come back here again in the near future. 
168488,"great food, great service, and great atmosphere. i visited with my family on sunday and was pleasantly surprised to learn that it was 'kids eat free day, ' it's always nice to find restaurants that are family friendly. 
the service was fast and pleasant.  my softritas tacos were very tasty.  my spouse and our son both loved their steak tacos. 
this was a great lunch,  reasonably priced,  and delicious.   we will definitely be back. "
171771,"chipotle's is still a great place to go with a group of friends. they have a really good selection of food and the atmosphere is very good. the food is fantastic. the prices are reasonable for what you get, and the service was great. i have been to this place once, i got the grilled chicken and it was delicious. "
182956,"so i went to chipotle last night with my boyfriend and we got the burrito bowls with chicken and veggies, and everything was delicious. the food was fast and cheap.  i wish i could get the recipe for whatever it is they marinate their chicken in. 

while i wouldn't go there for a fancy date night, it was perfect for a middle of the week dinner with my boyfriend. "
186475,"this place is sooo good, and there's nothing wrong with that. this was truly a wonderful experience. i love the little guy, but i will not go here at least twice a week. i don't know what it is about this place that i was expecting them to be more authentic. i had a very good experience and i'll definitely be going again. the first time i went in there and the place was pretty good although it was something else on the menu "
186914,"chipotle is a quick way to eat. it has a very basic menu but you will still be getting a better quality meal than other fast food chains such as mcdonalds.  i recommend the sofritas as its vegetarian,  tasty, and the cheapest thing the menu offers. the service is always fast. i do believe they need to expand their menu. "
187091,"i went to chipotle last weekend. i had a taste for their chicken burrito.  it had fresh pico de gallo, peppers and tasty spices. i liked the way the chicken was seasoned perfectly.  i just wish they would have added more. i also love the sour cream and guacamole toppings. the servers were attentive and friendly. no doubt about it, i will be back for more. five stars! ! ! "
223152,"the food here tastes better than most places in the area. the chicken was dry, but the sauce is so good! the service is friendly and quick."
231831,chipotle is one of my favorite places to eat in the area.   there food cannot be beat. i love the. spicyness it provides.  for lunches and dinners it easy to pop in for a quick bite.   the service is always excellent and the staff are very friendly.  if i could i would eat here every day. 
241810,"i have been here many times over the years and always enjoyed it.  the service is friendly and fast and the place is always clean. there's a consistency with this restaurant that is comforting. 

the food is quite good. everything is fresh and simple. the chicken is well seasoned. the pork is juicy. the steak is tender and well prepared. the guacamole is a little bit too garlicky but people seem to like it. 

the biggest problem with chipotle is the lack of variety. there are really only a couple of menu items to choose from and the rest is toppings and presentation. it's great the first couple dozen visits but you'll struggle to get excited about the place after that. 

all told it's a fine place to go for a nice quick meal but it probably won't become a long time favorite unless they expand their offerings. "
242230,this place is horrible. i am not exaggerating when i say that this place is absolutely awful. maybe it's because i lived in mexico city for a while but i find this quote mexican food to be on the verge of unedible 
255832,"i had a great experience at chipotle last weekend. given that i am a vegetarian, there were so many options for me to choose from.  the black bean burrito was large,  tasty,  filled stuffed with vegetables and didn't break the bank.  my entire meal was under ten dollars.  the atmosphere wasn't high class but if you're expecting high class then you're in the wrong place.  overall,  chipotle is a safe bet. "
256056,"chipotle is one of my favorite restaurants.  i love their vegetarian option. it can be so hard to find good options elsewhere. there is hardly ever a wait to be seated. i love the versatility of the line,  so you can change it up every time you go.  my only complaint is that they don't have dr. pepper anymore.  other than that, i love chipotle. "
258833,"i have to start by saying i have never, ever had a bad experience here. it's like a little hidden gem of a restaurant. the food is great, the service is great, and i was surprised at how cheap it is. if you're in the mood for a delicious, healthy, and filling meal, check it out. i had the burrito bowl with black beans, rice, pico de gallo, guacamole and sour cream. a guy was incredibly upset because they were out of tofu and the staff were all very accommodating to him and offered a discount! there are very few places that i have been to that would treat a customer so respectfully!  chipotle has a great atmosphere and delicious food. service was quick and friendly. i will definitely be back to try more of the menu. "
268952,"chipotle is my favorite restaurant and i can't resist the burritos i will cry fir their guacamole and sour cream yummy yummy yummy yummy in my tummy.  the staff is incredibly friendly and helpful. i reccommend it to anyone! the service was friendly and prompt, and the food was delicious, and the service was great. my biggest complaint is that the restaurant is in a great location. and they are open late."
288909,"i've been to this place twice now, and both times it was a little pricey, but the food is always made fresh, and the service is always great. the food is pretty good. the ambiance is very nice, and the place is always packed. my favorite dish is their chicken, and it was well worth it. it was spicy but not overwhelmingly so. it came with a side of rice and beans. it was perfectly seasoned and very juicy. i would definitely go back again! "
315096,"chipotle is one of my favorite restaurants. the food here is pretty good, and the portions were just right. the menu is very diverse and there is always something to get that you'll enjoy. the service here was great! they are always friendly and attentive to customers. i will definitely be back to this place. "
333352,"my all time favorite place for mexican food!  everything is made fresh, and that is reflected in the taste of the food. what i like most is the ability to customize your food. whatever fillings you want in your tacos, burritos or other dish, can be customized to suit your taste buds! i guarantee you will be so happy you chose this place. while enjoying your food, don't forget to wash it down with a tasty margarita! ! "
337931,"i have been here several times and have never had a bad experience. i think the food is better than a lot of other places. i had the chicken tikka masala, and the service was great and the atmosphere is very cool. the menu is the same as the other ones. i really want to try the other dishes on the menu, but i didn't have that much time. "
338168,"chipotle's. one of the best and healthier fastfood places around.  you can get either a bowl or burritos with a choice of chicken, steak, or beef. its also very cheap as well. "
346680,i have been here a few times and the food is delicious and the portions are pretty big. they have a good selection of topping options for you burrito or taco.  i usually order the chicken burrito with pretty much everything except cheese. i'm lactose intolerant but i can't help but get sour cream anyways.  however i have not been there recently because my boyfriend says that they got closed down for a bit for failing inspection. i still love the food and some day i will be coming back when he isn't scared.  the only thing that could be improved is the crowd because the line is often not too big and it goes all the way outside.  i have seen some people order off their app so they get to skip the line. overall i enjoyed their food and service. 
351260,"when i crave a good burrito,  my first choice is chipotle! i highly recommend their chicken, it's always fresh and tender. the best deal by far is the burrito bowl. you get a huge serving of the meat of your choice,  rice,  beans,  and any toppings. and you can ask for a head of lettuce with it on the side, giving you a great wrap for the filling and giving you more bang for your buck! "
376616,"chipotle has a great menu that even my picky kids enjoy, and they aren't exactly easy to please. one of the best things about chipotle aside from the food is that they customize anything to your desire! "
382068,"i used to go to chipotle on a regular basis. their food was slightly overpriced but very tasty for chain restaurant stuff. their timeline of e. coli outbreaks mirrors my declining interest in putting my life on the line for merely good fast casual food. while not the same in terms of menu, my fast casual dollar now goes to panera or five guys. mexican? i hit up one of the local places. it's a shame that chipotle has had all these issues because of its commitment to fresh ingredients but i'm just not willing to take the risk. "
400067,"sometimes you just want a quick burrito.  no time to sit and ponderously consider the menu.  'oh what are the specials' 'i'm in the mood for an appetizer'.   none of that bs! just give me my burrito and let me get back to my life! i'm a busy man with a burito plan!  when i'm walking around with my friends downtown and i say let's get a burrito,  theres no question where i'm talking about. burritos are walking-food not sitting-on-your-fat-butt-food!   chipotle gets it! now if you'll excuse me, i made the mistake of writing this on an empty stomach,  so i'm going to go get a freaking burrito and i think you know where!"
400585,"i like this place. its a little pricey for what it is, but the food is good. i usually get a burrito. the staff was also very friendly. and the place was packed. the service was very good and i would go back for drinks. "
401813,"burritos are pretty good. but i think that they are the best at chipotle.  the food is great, the staff is super friendly and the service is friendly.  i could eat that every day. "
413774,ive been to chipotle a few times and it's always been a pretty good time. it's packed depending on the time of day. the decor is okay with a casual atmosphere. the food is pretty good and the price is okay. the staff is efficient and friendly and i never had to wait too long. some workers definitely do give bigger portions so it can be a luck of the draw sometimes. i either get the burrito or the burrito bowl with. everything. the tacos don't look that good. 
419359,chipotle is one of the best places to eat in the world. i got the chicken kebab plate and the service was great. we were having a great time at the bar! and i guess i should have ordered a few beers. got too drunk to know the difference between the lakers and warriors game. they have similar colors on there uniforms. then forget i am color blind lol
446791,i went to my. local chipotle restaurant and had the most delicious burrito ive ever eaten at a restaurant. it was a smothered pulled pork burrito with pinto beans and a side of guacamole. it might have had something to do with some extra curricular activities me and my friends did earlier that day but that burrito was the bomb. i will definitely be back next april twentieth. 
453935,"this chipotle restaurant had speedy service and friendly staff. i ordered the steak burrito with black beans, rice, and salsa and a soda.  the price was a little high, but the food was very tasty and healthy. i like that it was freshly prepared as well. the dining area was small and loud but i came to eat, so i didn't mind. i left feeling very full and very satisfied. and so far, i don't have e coli, so i guess it's safe! i would recommend this place to anyone who needs a healthy and filling meal, especially if you're on the go. i'll be visiting again soon! "
456355,"i recently went to chipotle in dallas and loved every moment of it. the line was long, but it was lunch time so i was aware of this going in. i ordered a large chicken burrito and a diet coke.  the server offered me an order of chip and salsa to make it a combo and i couldn't refuse. overall cost was close to ten dollars but the burrito was outstanding and the drink and chips and salsa complimented everything well. best part about chipotle is the burrito is made in front of you so there are minimal wait times once everything is ordered. would definitely visit again. . . . and again while recommending chipotle to all my friends and family. "
460806,"i went to chipotle yesterday and it was absolutely delicious! the service was friendly and quick. and the prices were very reasonable. i ordered a chicken burrito bowl with a side of chips and salsa. the taste was phenomenal and the vegetables were fresh. the atmosphere was great, and not too crowded. parking was easy and i will definitely be back. highly recommend! "
475186,chipotle is a great place for fellow vegetarians! they had delicious bean burritos or bowls. the tofu sofritas though are the bomb! ! ! i could eat them all every day!  try them in tacos with extra guacamole. thank me later! 
478640,"chipotle is very good, but i thought my sandwich was not very fresh. they have a problem with germs. i am usually worried about the food even though they have not had too many problems lately. still it puts a damper on the whole experience when you're preoccupied with possible health issues. "
480818,chipotle is one of the best things i've ever had in my life. they have a good amount of food for the price. and it was delicious! i love the atmosphere of this restaurant. i will definitely come back for the drinks and the food. i've never had a bad experience at chipotle so i recommend this place if your looking for something more than just your typical diner food. 
484502,"this place is amazing. i i would have liked to get the vegetarian, i have to to say that the food here, but i wouldn't say it it was bad, but it was was a little too salty, and the meat was good,. the price is a little bit high for what you get. but i really "
487708,"i love chipotle! my boyfriend and i decided to come here for a quick bite. the food is a little pricey, but you get what you pay for. i love the service. i ordered a fajita burrito and my boyfriend had a chicken burrito bowl and they were both very good. we were both really full after eating the food. we will definitely be back to try the other items on the menu. "
499936,"i love this place. they have a lot of good food for the price. the setup is a great place to grab lunch, i was very impressed with this place. "
501693,"i would give this place only two stars but i was too busy fighting off the listeria infection i picked up from my barbacoa taco.  i thought about going with the bowl but it wouldnt have helped as my wife is laying in the hospital bed next to me after eating hers. id give the kids meal quesadilla four out of five stars since the kids were spared montezumas wrath,  unlike my wife and i.  ten out of ten would not get listeria again! "
529714,chipotle is pretty delicious. they have a huge selection of food. i had the chicken burrito and i was able to watch them make it. chipotle is a mexican version of subway. they are quick to serve you and thier chips that come with the meal are great. absolutely worth it for the price. 
550278,chipotle is one of the best things i've had in a long time.  i was surprised at how much i enjoyed the food and the service. there's lots of options for people with dietary restrictions and variety of choices for the rest. the price is a bit much but is worth it. the food is of great quality since. they use a lot of local ingredients. i had the chicken burrito bowl and it was excellent.  i would highly recommend this place to anyone. 
557133,"the burrito at chipotle was great.  it had beef,  lettuce,  tomato. and cheese. the corn chips were crispy.  the salsa was spicy.  the service was fast.  but the price was a little high. i would go back though, maybe with some friends. "
575596,"i went here for lunch with a friend, and we left with a bad taste in my mouth. the food itself was good, but i was a little upset that i had to order a side order of fries and a drink, you know what, i usually go for the happy hour, "
597763,"i've only actually eaten the food here. the food is delicious and the the portions are huge and the the prices are really good.. it was pretty good. the best i've ever ever had. i have been here to this place a few months times. the food is good mediocre at best. but we got the food, i i have to say that the i was a bit surprised "
607775,i only went here because i was in the area with my daughter and she was in the mood for chipotle. i can say that the food was okay but nothing and not worth the price. ive not been back but i might. consider it the next time i'm in the mood for some food. poisoning. 
616417,"going to chipotle is my favorite place for a quick bite to eat. their food is fresh and delicious. my typical meal is a burrito bowl with brown rice, veggies, chicken, corn, tomatoes, and lettuce. the service is really fast, and the prices are great. i don't think i have ever had a problem with the service here. if you are looking for a place to eat, i highly recommend this restaurant. "
645332,chipotle is a very good mexican resteraunt. it offers many options such as tacos and rice bowls that you can customize.  the guacamole is awesome and i would definitely recommend this place.  
664914,the food was really tasty. it was definitely a nice change from fast those places with taco in their name.  i like the way they prepare it the way i like it! the food was good. i was in the area. glad i stopped in. 
699604,"the first time i went to chipotle,  i was a little overwhelmed by the menu and the choices,  since i wasn't used to this type of place.  the food smelled great, though, and i figured it out quickly enough.  i ordered a chicken burrito with double meat, all the trimmings, and some chips with guacamole.   the meal was huge and filling, and tasted as good as any 'real' mexican restaurant.   "
707216,"i love eating at chipotle.  it's a great place to go for lunch. and i love their crispy carnitas tacos. i get mine with black beans and rice plus cheese, sour cream and guac. they've so good! it's a good place to eat and people watch while you eat. the service is always good and pretty fast too. be sure to get a side of guac and chips while you're there! remember. . . guac is a little extra! !  "
710763,"the food is edible but not great. i got the beef and chicken empanadas.  i was a little hesitant to go back to this place. the sauce was delicious and the service was friendly. the decor is a little bit stale. overall, a great place to get a quick bite. "
720650,"yesterday i decided to give chipotle a try.  i had been craving a gargantuan burrito for a while,  and the recent foodborne outbreaks had rendered my local franchise a ghost town.  i walked up to the counter to order my long-awaited chicken burrito,  and was met by a teenager who looked sullen and disinterested. begrudgingly he threw the ingredients on the tortilla and checked me out without making eye contact. despite the service,  the burrito was as delicious as i had anticipated. i'll definitely be back. . "
722107,chipotle isgood if you want an alternative to taco bell. the layout is one medium sized room and there is no drive thru. the buritos are good and seem to be made with fresh ingredients. the atmosphere is pretty normal yet upbeat.  service is normal for a casual restaurant. 
731785,"this is probably the best restaurant in boston. it was a good choice in the neighborhood. chipotle is the best i have had in a while in regards to mexican food.  their fish tacos are simply perfect. the crispy fish accompanied by their fresh vegetables make for a fantastic meal. and i must say, it was pretty empty when i was there.  my kids love their kids meals,  which means no fussy little ones! overall, i would highly recommend this place for anyone looking for fresh food, relaxed atmosphere and fantastic staff! "
736743,"everyone loves chipotle, as long as you don't get food poisoning. the food is quick and tasty, and it's much healthier than the typical fast food place. it's a little more expensive than typical for fast food, but much cheaper than most sit-down restaurants.  i don't recommend it for people with food allergies, though, because the food may be cross contaminated. "
760404,chipotle is an amazing place to eat. they serve classic mexican dishes. the atmosphere is very nice and well lit with plenty of good music. their staff is also very helpful and they've got a good selection of food. my favorite tghing to eat there is their chicken tacos. id recommended chipotle toanyone that loves mexican food. 
776193,"i went to chipotle in worcester and asked for some hot beans. they brought my hot beans with a smile, so i stuck it in a bag and hit the road like jack. although, more like jack and the bean stalk. 
good service and a nice place to go. "
780313,"i hate spicy food but for some reason i love the flavor of chipotle chiles in any form,  so i loooove chipotle.  i have been nervous about eating here lately because of the food poisoning scandals but thankfully i have not had any problems!  i alway order the burrito bowls and the portions are huge! service is just mediocre but not bad and you cant expect too much from a chain restaurant. overall i would give chipotle four stars. "
795322,i went to this chipotle for the first time last night.  i love their steak burrito bowls with the hot red salsa.  it's delicious going down but is painful coming out. the service is quick and friendly. it's always a great place to eat. 
808115,"so i'm back from my trip to chipotle. there is nothing i like more than a burrito slathered in guacamole. there is a small price surge for guac, but they do not skimp. they provide tortilla chips, perfect for scooping beans and rice that falls out. mexican food has a lot of vegetarian options which is a plus for my diet. overall, i think this is a solid chain restaurant for fellow vegetarians who need a quick bite to eat. "
818598,"i'm a big fan of chipotle, even after the whole stomach virus scare. the have a limited menu which is a plus for someone as indecisive as me, but the items they do serve are always fresh and plentiful. you get a lot of food for your money and everything is tailor made just the way you want. the employees are always friendly and helpful and there is never a wait. as long as you don't go at lunchtime. "
832560,chipotle is not a place i can recommend. the food is very greasy. i especially dislike the barbacoa and the chicken which is usually dry. i dont appreciate their customer service either. the employees usually seem distracted and not that interested in helping you.  this is not to mention the way yoir stomach will almost certainly fee after you have eaten a burrito there. 
834678,when i am hungry i like to run to chipotle for a bag of tacos to go. i usually get three soft corn tacos and three soft flour tacos. the staff is very friendly but i took my parents one time and they didn't know what to order because nobody spoke english. that is why i just go with the tried and true tacos. i also like that my local spot is always very clean. 
884039,"chipotle is great for a quick meal as the service is fast so it's easy to get in and out quickly. they have a selection of ingredients to add to your taco or burrito, or what ever item you want. for fast food chipotle is good quality and uses fresh ingredients. my favorite thing to get at chipotle is a burrito loaded with all the toppings. i especially like their guacamole. "
920182,i love this place! it's the best i've had. the food is fantastic. this isn't a fancy place. they have a lot of variety. the prices are very reasonable. i will definitely become a regular! 
924359,"chipotle is one of my favorite places to go for a quick bite. the food is prepared right in front of you, and is always fresh. i also like the fact that they use ingredients that haven't been shot with antibiotics.  it is an excellent choice for something relatively healthy and relatively quick.  i like to get the burrito bowl with double chicken.  "
928135,"i love chipotle, it's my favourite fast casual place to grab a quick dinner. my so and i pretty much always order the same thing, and we were not disappointed.  we are big fans of their carnitas and pinto beans, but i always get the yummy cilantro lime rice. so doesn't like rice, but i would eat here every day if i could.  their chips and guac are amazing and i would kill to have their horchata on tap at home. always recommended.  "
989590,"chipotle is the best burrito i've had in a long time. the atmosphere is very chill and the staff is very friendly. most of the food is sustainably sourced from local farms and businesses and they somehow still manage to keep the prices reasonable. 
"
997038,"i took my family to chipotle last night and the food and service were wonderful.   my wife and i had the soft corn tacos along with a salad.   we also had chips and salsa for our sides.   we washed down the great food with margaritas and they are always so delicious.  my kids ordered from the kids menu and they enjoyed their food too.   lastly,  the service was very friendly and attentive.   overall a wonderful experience. "
